MolLogP,MolWt,NumRotatableBonds,AromaticProportion,logS
2.1854,167.768,9,0.0,-1.68
4.7782,161.14,4,0.0,-1.94
3.794,457.815,4,0.4,-1.77
3.194,162.296,6,0.8,-3.06
1.2021,172.377,3,0.8,-3.7
1.202,391.729,3,0.4,-4.67
0.7614,252.383,8,0.6,-1.05
4.3978,399.52,5,0.8,-2.35
3.205,79.415,3,0.2,-3.33
3.6863,269.407,1,0.2,-0.34
0.5926,65.126,5,0.8,-5.71
4.8646,78.194,1,0.2,-0.9
4.246,457.897,4,0.8,-0.01
1.4555,112.66,5,0.8,-0.68
1.3182,289.589,3,0.6,-1.14
1.3253,234.993,2,0.8,-3.75
1.8691,206.304,6,0.6,-4.61
2.8614,454.925,1,0.6,-1.59
2.4438,59.821,5,0.2,-4.17
1.8105,348.705,3,0.0,-4.94
3.2533,483.527,5,0.2,-1.28
1.1277,302.076,3,0.6,-4.12
1.8147,471.57,3,0.0,-0.51
2.1486,73.516,3,0.0,-0.96
2.5523,238.457,8,0.0,-0.91
4.0333,167.071,6,0.6,-1.37
1.3985,378.869,2,0.8,-0.71
2.8141,491.584,2,0.8,-1.17
3.1659,165.439,5,0.4,-2.38
0.709,344.379,5,0.8,-4.23
3.234,139.144,3,0.6,-0.67
1.2674,304.399,8,0.4,-0.96
0.7927,258.77,3,0.4,-3.16
4.77,487.402,8,0.0,-5.77
4.8453,323.837,3,0.8,-2.17
4.1378,207.278,1,0.2,-5.7
1.8708,101.343,1,0.4,-0.44
0.9395,118.061,4,0.6,-0.23
3.579,151.393,3,0.2,-4.86
2.4807,162.935,6,0.2,-1.94
1.0492,432.777,4,0.6,-5.45
2.7283,302.55,5,0.0,-1.62
0.6547,285.526,9,0.6,-3.92
4.5919,101.646,3,0.4,-1.91
1.6645,437.063,1,0.6,-3.76
3.4814,375.266,9,0.6,-5.13
1.9027,80.451,8,0.4,-3.56
2.8403,368.526,9,0.4,-5.32
2.9602,294.592,6,0.6,-2.54
1.3318,86.776,3,0.6,-5.75
4.8631,256.235,2,0.6,-2.84
3.9881,268.113,9,0.8,-0.68
4.7277,124.599,2,0.0,-0.97
4.5267,475.564,8,0.4,-0.7
3.1905,432.489,4,0.8,-0.47
4.6484,351.06,2,0.2,-5.37
0.8982,258.033,4,0.0,-5.23
1.3819,235.294,1,0.4,-2.66
0.7035,342.938,3,0.0,-0.64
1.964,295.444,9,0.2,-0.15
2.249,78.023,1,0.8,-5.72
1.7211,280.626,1,0.4,-3.87
4.2293,412.882,7,0.2,-4.72
2.1054,256.658,0,0.8,-1.46
1.7642,73.38,6,0.8,-2.16
2.9421,403.825,4,0.4,-5.28
1.1342,140.614,7,0.2,-3.1
4.1099,166.379,0,0.8,-1.89
0.8355,124.118,6,0.6,-1.33
4.941,198.597,4,0.6,-5.88
3.9751,390.538,3,0.8,-0.66
1.3942,283.724,6,0.6,-2.58
0.5248,142.197,9,0.2,-1.13
4.1696,445.024,1,0.6,-1.15
3.6809,445.812,0,0.2,-4.86
3.7805,441.76,0,0.6,-5.34
3.9707,157.458,0,0.6,-1.67
0.8332,253.058,4,0.0,-5.06
2.1131,493.245,9,0.4,-0.9
1.0214,397.406,6,0.2,-1.64
4.384,62.225,1,0.2,-0.95
3.3048,79.342,9,0.6,-4.21
1.989,258.769,7,0.2,-4.1
0.786,459.149,3,0.6,-1.97
1.8994,292.416,2,0.0,-5.81
1.9633,274.016,9,0.6,-1.64
3.7832,97.463,7,0.8,-0.99
3.369,345.551,1,0.6,-3.51
4.4925,419.946,2,0.4,-1.41
2.625,221.189,2,0.8,-4.95
1.0382,399.025,9,0.2,-4.07
3.7096,484.014,0,0.0,-0.15
3.9235,141.695,5,0.4,-0.08
3.0257,285.498,1,0.0,-2.92
3.9694,179.212,0,0.8,-0.39
2.7221,406.784,1,0.2,-2.86
2.8523,309.917,5,0.6,-4.25
2.4239,335.562,3,0.6,-4.4
0.6144,409.061,5,0.2,-0.42
0.9855,228.187,8,0.6,-4.97
0.6414,461.791,9,0.0,-2.52
3.3638,289.863,9,0.4,-2.67
1.9146,121.08,7,0.0,-1.56
2.7886,363.155,0,0.8,-3.0
4.584,406.968,7,0.8,-4.37
1.6218,192.543,8,0.2,-4.98
2.3467,435.731,5,0.2,-2.28
3.9,457.764,9,0.6,-1.69
1.5296,174.607,4,0.2,-2.58
0.8464,492.585,5,0.8,-1.57
1.8039,113.32,5,0.4,-5.15
1.2255,140.907,8,0.2,-0.71
4.6836,132.901,3,0.8,-2.51
4.1365,452.295,1,0.4,-5.24
3.3503,344.432,8,0.8,-3.23
4.4216,118.447,1,0.8,-0.93
4.1165,248.146,9,0.0,-0.61
1.3396,326.884,8,0.0,-4.41
4.5165,87.559,1,0.8,-1.73
2.927,447.087,7,0.8,-5.4
4.1335,411.622,8,0.0,-5.8
4.5324,277.343,9,0.8,-2.64
1.931,485.207,8,0.4,-1.83
0.9952,237.992,9,0.2,-1.23
1.5257,492.85,8,0.8,-3.96
2.422,350.564,1,0.0,-5.96
4.1811,335.602,3,0.8,-3.12
4.3733,124.68,6,0.2,-5.9
0.5313,446.867,1,0.6,-5.45
2.7984,242.37,0,0.2,-4.04
2.3783,123.005,2,0.4,-3.38
1.4995,55.673,3,0.6,-4.32
1.0394,301.89,7,0.0,-2.51
2.0193,287.33,5,0.4,-5.67
4.7431,373.709,1,0.4,-5.13
1.9544,450.616,8,0.0,-1.83
2.8346,85.733,1,0.8,-5.15
3.6636,379.173,4,0.2,-2.16
2.1363,134.335,3,0.4,-5.67
4.873,436.18,6,0.4,-3.56
4.831,418.579,7,0.4,-4.94
1.633,293.357,4,0.0,-5.34
2.7376,369.609,9,0.4,-2.6
1.854,191.458,4,0.4,-0.43
1.7818,262.026,1,0.6,-5.67
0.666,419.737,7,0.8,-3.47
3.243,256.669,1,0.4,-1.75
2.7621,211.009,9,0.0,-3.22
0.7317,272.396,5,0.2,-1.16
1.7539,422.712,7,0.0,-4.92
4.5872,200.844,5,0.0,-0.24
1.578,128.193,3,0.2,-3.69
1.152,370.406,3,0.2,-3.95
2.7025,421.69,5,0.2,-0.75
4.9354,95.287,3,0.0,-2.62
1.5892,157.943,7,0.0,-2.9
3.5246,113.887,8,0.0,-1.64
3.9273,206.574,0,0.0,-2.52
1.5694,252.658,3,0.4,-5.02
3.777,386.972,3,0.4,-1.95
2.155,343.016,1,0.0,-5.2
3.3454,329.418,5,0.4,-1.16
3.3509,208.569,2,0.2,-0.06
2.911,428.651,6,0.0,-3.74
0.9063,262.079,4,0.0,-3.33
4.2589,490.597,3,0.4,-5.72
1.9435,335.364,4,0.6,-5.92
1.3393,106.819,7,0.2,-0.47
0.6835,354.28,2,0.0,-5.23
3.159,196.297,6,0.8,-3.33
3.549,358.847,5,0.2,-1.11
0.5746,81.339,0,0.2,-0.66
2.8044,128.697,6,0.8,-2.88
1.5192,435.082,6,0.8,-2.61
3.4033,152.231,0,0.4,-1.98
1.2846,426.669,8,0.4,-0.23
3.6092,175.674,5,0.2,-2.38
2.2403,339.297,1,0.0,-2.64
4.7153,362.368,4,0.4,-5.91
1.1188,280.695,3,0.0,-5.51
2.0348,187.39,6,0.4,-2.54
1.0106,145.69,7,0.8,-0.38
4.6611,64.935,0,0.8,-0.8
4.448,186.776,4,0.2,-0.1
1.6607,343.923,2,0.6,-2.83
3.4699,472.237,0,0.4,-1.27
4.1775,442.042,2,0.8,-0.96
2.9984,394.729,5,0.2,-2.11
2.8834,404.801,6,0.0,-3.97
1.5883,349.243,7,0.0,-3.18
0.919,167.129,3,0.2,-0.85
4.5375,458.238,2,0.2,-4.21
4.5519,351.83,4,0.6,-0.46
3.349,302.198,8,0.6,-4.62
2.0256,99.945,5,0.2,-1.5
2.0714,251.175,8,0.4,-2.22
3.7668,257.161,5,0.0,-1.5
4.537,439.054,1,0.8,-3.38
4.4919,295.992,4,0.8,-0.4
4.0094,221.18,8,0.8,-2.21
3.3891,489.56,7,0.8,-4.27
0.8786,99.824,6,0.0,-2.17
1.2273,240.147,0,0.0,-4.28
4.5435,68.911,3,0.4,-4.24
3.2289,382.957,6,0.8,-3.6
0.5414,463.134,6,0.0,-0.89
0.9566,176.017,5,0.0,-3.0
3.4858,436.254,7,0.8,-1.93
0.5228,181.498,5,0.0,-3.65
1.2236,459.847,9,0.4,-4.42
2.9693,389.283,2,0.6,-0.27
3.6135,412.208,3,0.2,-2.38
3.4338,58.103,2,0.0,-0.4
1.5092,483.265,0,0.6,-4.78
3.7048,377.002,9,0.6,-5.12
1.5676,187.138,4,0.8,-0.87
1.9643,423.228,0,0.2,-1.91
3.8592,176.685,0,0.0,-4.88
3.4233,442.739,1,0.6,-4.38
4.3215,100.661,3,0.4,-1.2
3.4593,366.659,5,0.2,-3.28
3.0574,293.314,7,0.6,-1.98
0.9215,93.441,2,0.2,-4.09
2.1547,158.852,0,0.2,-3.71
1.6934,55.582,2,0.0,-0.06
1.598,260.946,2,0.2,-4.51
4.8785,185.569,4,0.4,-2.96
2.2689,319.261,3,0.4,-0.93
4.5142,183.757,3,0.6,-4.56
3.3401,184.964,8,0.8,-3.51
4.0767,384.437,6,0.0,-2.31
2.7619,71.664,3,0.0,-3.11
3.0961,456.303,2,0.0,-3.24
2.7163,433.519,5,0.0,-3.82
1.3786,350.512,2,0.6,-2.48
3.751,316.95,5,0.6,-2.25
1.7635,451.536,8,0.6,-2.08
0.6094,133.399,5,0.2,-5.58
3.4046,85.536,3,0.2,-2.21
1.297,157.78,4,0.4,-0.28
4.7321,407.56,5,0.0,-2.75
4.7927,65.602,2,0.6,-1.71
4.6169,312.263,7,0.8,-2.66
2.1657,497.947,3,0.2,-0.87
0.5696,435.063,7,0.6,-0.42
4.6774,284.651,9,0.4,-4.89
2.4268,78.638,9,0.0,-3.38
4.8499,424.118,2,0.4,-3.65
4.8363,319.54,9,0.2,-3.57
4.3385,101.72,6,0.0,-5.25
1.825,92.236,8,0.6,-1.12
2.2329,459.332,3,0.8,-5.79
4.3301,351.14,7,0.2,-2.83
1.9261,423.179,2,0.2,-2.03
1.2627,445.541,6,0.8,-4.76
3.0056,307.298,2,0.8,-0.56
4.7127,282.851,6,0.6,-0.97
3.6321,243.692,9,0.2,-3.17
3.0653,192.626,9,0.8,-3.53
0.9373,245.568,5,0.0,-4.58
3.2675,398.246,1,0.6,-1.62
4.9552,320.866,2,0.0,-5.21
1.1304,451.635,5,0.6,-1.92
2.8325,249.521,3,0.2,-0.95
4.4482,323.19,5,0.4,-4.63
3.8335,334.088,0,0.2,-0.8
3.6366,316.264,9,0.0,-5.8
3.6612,366.185,0,0.6,-0.52
2.1177,156.845,2,0.8,-5.29
1.8212,280.564,7,0.8,-2.13
4.1421,96.901,7,0.0,-4.5
4.1455,223.03,3,0.6,-0.98
4.4018,269.45,5,0.6,-2.93
4.6096,343.501,7,0.2,-5.19
2.801,477.739,6,0.0,-2.57
2.7568,320.293,6,0.6,-3.55
4.0923,384.617,3,0.8,-2.03
3.4248,277.82,8,0.6,-0.71
3.6589,335.347,9,0.4,-3.54
4.0811,81.919,5,0.4,-4.26
4.505,164.476,2,0.0,-5.91
2.021,212.834,4,0.6,-2.55
2.1901,262.622,4,0.6,-3.59
0.9229,70.542,4,0.0,-3.75
3.1023,113.011,7,0.8,-4.9
0.6617,174.566,8,0.2,-3.42
2.5952,487.19,8,0.8,-0.09
2.9419,199.106,5,0.2,-4.21
1.7894,266.918,5,0.0,-2.4
3.1587,138.244,8,0.2,-1.34
0.6373,324.851,3,0.4,-1.51
0.6681,176.307,5,0.0,-4.03
4.2017,143.147,3,0.4,-2.33
2.1209,282.458,0,0.4,-0.77
1.0718,52.478,6,0.6,-5.91
2.8501,53.449,9,0.0,-3.39
3.965,148.581,5,0.4,-4.65
1.4712,66.525,8,0.0,-3.67
3.303,98.612,6,0.6,-3.5
0.8841,202.487,6,0.0,-1.52
0.7326,411.164,1,0.8,-5.44
2.8911,307.422,8,0.6,-2.92
2.9329,280.7,9,0.4,-2.61
3.3684,182.07,8,0.4,-3.04
3.7674,469.289,5,0.0,-1.61
4.8913,228.657,2,0.2,-3.7
2.8234,89.192,0,0.8,-0.33
1.9533,327.68,3,0.8,-3.11
4.0783,101.227,2,0.0,-2.57
1.7187,205.35,0,0.4,-1.05
2.4754,278.335,2,0.6,-4.35
0.8531,443.4,3,0.6,-5.55
0.6141,272.096,7,0.0,-1.75
4.8319,366.016,8,0.2,-3.1
4.2619,496.768,2,0.2,-0.62
3.6319,109.17,5,0.8,-0.1
2.3403,173.629,9,0.4,-3.61
1.2798,227.559,4,0.4,-3.51
1.204,239.823,5,0.8,-3.55
1.6261,234.959,3,0.6,-4.05
2.9715,458.425,9,0.8,-1.31
3.7157,371.315,5,0.4,-1.45
3.4709,323.557,6,0.0,-3.13
1.7597,189.218,8,0.8,-5.73
4.7969,420.706,9,0.4,-4.14
3.8205,479.777,6,0.0,-4.25
2.9946,419.539,5,0.2,-1.13
3.2527,50.704,0,0.0,-5.47
2.3882,336.381,1,0.4,-1.17
1.6148,73.011,0,0.8,-1.98
2.1019,165.923,8,0.8,-1.61
3.9103,76.786,9,0.8,-3.41
0.5648,321.708,9,0.0,-1.92
1.0223,358.965,8,0.2,-2.35
0.707,101.519,6,0.0,-1.39
0.6833,222.727,1,0.8,-3.32
4.3496,255.306,5,0.2,-3.16
3.6665,216.074,3,0.6,-2.14
2.6338,104.461,0,0.6,-5.35
0.9403,238.527,0,0.4,-3.38
2.7123,388.03,4,0.2,-0.17
2.6306,81.953,1,0.8,-5.77
1.2794,86.081,3,0.8,-4.1
2.4523,209.647,0,0.2,-4.12
2.2933,473.777,3,0.4,-2.2
3.2713,350.858,5,0.8,-5.37
3.3579,355.401,9,0.0,-2.23
0.7039,212.864,3,0.4,-5.43
2.1858,317.147,0,0.0,-5.43
3.3164,54.559,6,0.4,-1.63
2.7641,336.243,1,0.0,-4.06
4.3542,460.979,8,0.4,-0.14
3.4641,325.658,2,0.2,-5.78
1.2332,443.164,7,0.4,-3.33
0.8176,375.788,7,0.8,-5.32
3.3909,104.251,2,0.8,-3.89
0.6193,456.104,3,0.8,-0.01
3.136,79.9,1,0.6,-0.67
4.731,290.285,3,0.0,-5.71
3.0896,113.962,8,0.2,-2.62
2.2468,55.268,1,0.8,-2.11
3.3948,239.915,2,0.2,-4.74
2.5621,182.768,3,0.0,-5.13
2.9553,268.7,4,0.6,-0.57
4.7366,309.74,0,0.2,-0.19
2.2375,69.683,6,0.2,-0.05
4.8254,105.351,9,0.8,-1.26
4.5741,301.389,6,0.8,-2.02
1.3811,204.425,8,0.4,-3.93
0.8121,378.128,3,0.8,-4.97
0.9535,343.531,5,0.6,-5.53
0.582,430.522,1,0.6,-1.84
0.925,361.622,3,0.0,-1.29
3.5735,243.469,1,0.0,-1.04
0.8203,352.835,9,0.6,-0.52
1.9354,173.922,4,0.8,-0.72
4.3019,187.841,6,0.6,-0.0
0.6047,405.043,0,0.0,-4.54
4.1651,250.889,9,0.0,-1.42
1.7683,409.271,9,0.8,-2.48
1.0317,420.09,6,0.0,-4.43
3.6353,435.903,9,0.4,-0.11
3.3302,462.486,5,0.0,-0.61
4.4486,243.943,5,0.0,-5.23
3.8078,193.49,7,0.6,-5.84
4.1157,311.989,7,0.6,-1.87
1.7692,217.028,5,0.2,-2.38
1.2985,320.483,2,0.2,-0.39
3.8778,367.514,4,0.8,-4.6
4.1308,359.782,1,0.2,-5.49
4.9573,218.549,4,0.4,-4.44
2.3568,125.087,8,0.8,-5.89
2.1741,243.738,9,0.0,-5.78
3.9939,114.167,0,0.8,-0.51
2.0336,450.544,9,0.0,-3.89
4.6884,205.645,4,0.4,-3.54
4.3629,119.507,5,0.2,-5.89
2.4305,61.451,6,0.8,-4.38
3.8789,340.62,8,0.2,-1.17
3.8954,336.606,5,0.2,-2.31
0.9641,203.272,4,0.8,-1.48
4.5615,82.27,6,0.4,-3.32
2.7736,234.333,0,0.4,-4.14
4.2191,190.048,4,0.2,-3.1
1.9402,354.704,1,0.6,-4.06
4.5299,322.601,3,0.0,-0.97
2.2514,214.067,6,0.0,-4.21
0.5488,148.052,4,0.4,-2.04
4.5742,494.616,5,0.2,-5.18
0.9108,254.301,1,0.8,-1.88
1.9369,359.723,2,0.8,-0.52
4.7753,113.249,6,0.6,-2.35
4.7777,268.515,1,0.8,-2.64
3.0805,62.392,5,0.6,-0.23
3.3433,277.455,4,0.0,-2.24
2.518,483.808,9,0.6,-4.44
1.8194,222.893,0,0.2,-4.25
1.979,67.548,9,0.2,-1.77
3.5263,63.93,3,0.8,-1.59
3.8857,224.594,1,0.4,-4.18
4.0621,122.011,3,0.8,-3.93
4.0533,60.508,0,0.2,-0.05
0.9104,390.296,1,0.6,-5.39
2.7249,256.335,7,0.0,-3.57
0.759,180.16,5,0.6,-5.63
2.9729,455.037,1,0.6,-1.07
2.4869,102.263,5,0.4,-5.45
4.4947,480.163,9,0.2,-1.96
2.0791,191.285,8,0.0,-5.66
1.0268,449.782,6,0.0,-1.96
1.1435,321.324,8,0.6,-0.94
3.9268,422.018,4,0.8,-3.61
3.282,492.806,6,0.2,-2.87
0.9551,179.782,6,0.6,-3.59
0.8785,482.511,2,0.8,-4.2
3.6544,225.267,6,0.4,-1.18
0.8274,223.48,0,0.6,-4.37
4.1984,203.174,8,0.8,-1.66
3.6781,293.633,9,0.2,-4.76
0.8661,119.365,5,0.2,-4.5
0.8818,299.17,4,0.0,-3.98
4.9399,293.767,6,0.8,-2.47
2.1842,392.856,4,0.8,-3.27
2.1679,425.142,9,0.6,-1.53
4.1576,248.199,4,0.0,-4.72
4.7626,186.05,9,0.4,-5.94
4.937,166.701,6,0.0,-1.34
3.8902,137.581,9,0.0,-1.07
2.1932,75.941,6,0.6,-5.64
0.8758,204.102,2,0.8,-2.33
3.9972,171.611,2,0.8,-3.73
3.0128,484.888,9,0.6,-1.24
2.409,300.969,2,0.0,-0.75
4.5786,206.275,5,0.2,-0.89
1.0004,311.21,5,0.2,-1.34
2.7168,112.639,2,0.6,-4.39
0.5511,249.82,2,0.8,-1.13
2.609,331.805,7,0.2,-2.8
0.7534,270.004,7,0.4,-5.68
1.0347,230.8,6,0.0,-3.26
1.0289,497.232,9,0.2,-0.35
3.4214,446.142,3,0.4,-0.67
3.8572,330.533,3,0.0,-5.39
3.1252,306.22,2,0.4,-1.54
4.8298,329.297,4,0.8,-1.17
2.1869,140.59,2,0.4,-4.37
1.7857,227.812,7,0.0,-3.17
4.4087,67.757,6,0.0,-1.73
1.5062,263.996,2,0.4,-3.37
4.8345,294.361,8,0.2,-5.32
0.5547,152.487,4,0.2,-1.76
4.8645,483.813,8,0.4,-0.53
0.6942,459.255,6,0.4,-2.09
4.5101,374.964,6,0.6,-1.36
2.8747,290.024,5,0.2,-3.85
4.9683,441.486,1,0.8,-4.9
0.8321,108.794,8,0.2,-2.14
2.9923,405.729,5,0.0,-4.03
4.8619,106.169,7,0.4,-0.84
2.8539,407.395,0,0.4,-5.26
3.3323,174.095,4,0.8,-3.4
3.6309,444.691,0,0.6,-3.62
2.5454,474.819,9,0.8,-0.37
3.324,116.958,7,0.8,-5.08
3.1294,258.204,7,0.6,-5.94
4.5552,491.444,0,0.4,-4.57
0.7045,267.533,8,0.4,-1.08
1.7643,438.596,1,0.8,-4.74
4.7769,314.929,8,0.6,-4.55
4.5062,218.898,0,0.0,-5.22
2.5505,178.603,9,0.6,-1.71
3.2906,141.45,8,0.0,-5.58
1.7482,392.809,3,0.4,-4.01
1.3465,223.943,8,0.2,-4.31
2.5866,280.074,6,0.6,-2.67
2.0901,271.546,5,0.8,-1.62
3.1265,309.776,4,0.2,-2.8
0.8498,439.51,8,0.0,-0.41
4.8848,491.333,1,0.2,-0.29
4.9379,233.413,1,0.6,-3.83
3.6417,422.384,8,0.2,-1.33
2.9124,394.038,2,0.2,-1.57
1.8929,308.088,7,0.0,-0.64
4.1621,480.221,8,0.4,-3.31
3.5813,140.214,7,0.2,-2.82
1.2318,99.169,3,0.6,-3.51
4.5992,434.283,0,0.0,-0.9
4.2014,247.617,3,0.6,-4.62
4.7741,431.136,8,0.2,-4.56
3.7657,451.891,1,0.4,-3.76
3.2604,78.106,2,0.2,-4.62
2.3821,447.559,9,0.6,-2.63
4.6973,251.744,7,0.8,-5.19
4.3973,279.695,5,0.8,-4.08
0.7035,331.967,7,0.4,-0.52
0.6187,466.872,6,0.4,-3.54
2.1941,58.602,4,0.8,-1.51
4.1475,264.58,8,0.6,-5.32
4.9427,359.475,3,0.0,-4.51
1.1769,375.218,5,0.8,-1.16
3.1736,361.64,1,0.4,-1.42
2.214,110.496,1,0.0,-3.68
4.8646,184.728,1,0.2,-0.27
4.2895,211.422,9,0.2,-0.54
4.2725,411.997,6,0.4,-0.23
2.6091,175.442,1,0.2,-3.43
2.3667,144.817,1,0.0,-4.82
1.7303,480.852,8,0.0,-2.24
0.7537,53.988,6,0.4,-1.89
4.3913,499.019,2,0.6,-5.25
4.1581,354.57,2,0.2,-1.28
4.9987,422.811,6,0.0,-5.89
4.9849,182.579,4,0.0,-3.1
2.9994,56.442,9,0.8,-4.01
3.9604,382.041,5,0.4,-1.56
4.7514,425.365,7,0.4,-4.12
4.3234,383.214,8,0.0,-1.04
1.6131,114.283,0,0.6,-2.43
2.5274,389.043,2,0.4,-1.24
1.0812,396.015,6,0.2,-0.06
4.7932,346.343,5,0.0,-1.93
3.2278,394.752,6,0.2,-0.09
1.5289,430.665,7,0.8,-5.83
3.5227,326.122,5,0.8,-3.97
3.2816,89.872,2,0.6,-5.35
2.1117,269.433,1,0.6,-4.43
1.011,84.942,6,0.0,-0.97
3.5221,233.394,0,0.4,-5.81
2.8414,233.198,2,0.6,-2.88
3.9754,79.704,3,0.2,-2.6
2.8407,206.969,0,0.8,-2.63
4.3348,99.949,4,0.0,-3.15
2.9836,413.706,9,0.2,-1.26
3.0242,476.46,2,0.6,-5.2
4.4449,82.542,1,0.6,-4.14
2.3157,479.802,2,0.6,-2.31
1.1031,285.159,7,0.0,-1.85
0.6295,184.805,5,0.8,-3.58
3.8981,84.588,6,0.4,-0.75
3.2914,275.281,5,0.4,-3.51
3.6684,407.532,5,0.8,-3.58
1.4583,368.189,2,0.6,-5.78
1.1137,72.602,7,0.0,-2.69
0.5655,82.806,6,0.6,-1.75
2.0776,231.293,6,0.0,-5.31
3.1546,182.881,5,0.0,-4.17
2.2651,154.573,4,0.4,-1.31
2.4686,176.452,9,0.8,-3.8
4.5687,411.567,7,0.0,-4.55
2.0671,468.153,4,0.6,-1.97
2.813,232.296,8,0.0,-4.82
4.0264,457.75,8,0.6,-0.63
2.2844,194.673,0,0.4,-5.37
3.2994,264.397,5,0.6,-1.76
4.3806,151.713,6,0.2,-3.0
4.7728,338.214,2,0.6,-0.78
1.1618,490.542,6,0.8,-5.24
4.6696,321.572,6,0.6,-1.93
2.7145,211.016,1,0.4,-2.57
1.6621,341.518,6,0.8,-3.12
2.5661,105.314,0,0.0,-3.05
4.9101,449.897,4,0.6,-1.67
2.7168,276.388,8,0.8,-0.37
1.9794,252.207,6,0.0,-5.45
3.3503,313.639,6,0.4,-5.88
1.5807,331.153,1,0.2,-1.17
0.8414,82.299,7,0.4,-5.35
1.08,357.178,2,0.6,-0.08
1.0762,158.869,7,0.2,-2.28
1.1836,371.279,2,0.4,-2.09
1.1247,420.141,9,0.2,-4.81
3.3839,411.781,6,0.2,-4.56
1.3185,298.625,1,0.0,-2.04
2.0555,284.076,3,0.8,-0.54
4.5355,114.294,5,0.0,-0.11
2.6328,398.906,8,0.8,-4.81
3.504,172.134,4,0.4,-5.2
1.2754,273.513,8,0.2,-5.66
1.3653,177.923,4,0.6,-0.79
0.6839,110.223,9,0.4,-4.23
1.2602,333.301,7,0.4,-5.99
1.7537,74.449,0,0.0,-4.66
1.2965,386.89,6,0.2,-3.96
0.8992,192.914,3,0.2,-0.05
1.0429,50.061,4,0.0,-2.86
2.5735,280.008,5,0.2,-4.77
1.4285,71.083,4,0.0,-3.99
2.1392,174.276,0,0.2,-4.02
2.7654,368.139,8,0.0,-5.88
3.6068,78.21,1,0.0,-5.19
0.6769,427.702,8,0.0,-1.83
4.0973,51.719,9,0.8,-5.28
3.3256,161.071,1,0.0,-4.62
0.8679,383.407,8,0.6,-3.9
4.4311,192.322,5,0.0,-1.45
4.6439,95.852,8,0.8,-2.51
0.7749,212.105,5,0.0,-1.87
1.7459,171.677,5,0.8,-2.6
4.1279,429.22,1,0.6,-1.9
3.8672,191.007,7,0.0,-5.98
1.3303,405.02,2,0.8,-0.41
1.4421,451.342,6,0.4,-5.33
2.1671,245.218,4,0.2,-3.56
2.6804,459.474,2,0.6,-1.37
3.2821,219.793,0,0.8,-3.39
2.1601,483.835,7,0.4,-0.32
2.5814,90.18,2,0.2,-3.19
3.8636,359.159,1,0.6,-0.75
0.6651,272.216,0,0.6,-1.14
1.636,224.442,3,0.8,-0.11
3.7101,334.72,7,0.6,-0.44
4.5284,366.736,2,0.2,-0.61
2.8025,51.963,0,0.8,-1.61
2.8945,125.129,3,0.0,-3.8
0.9823,370.871,8,0.2,-5.36
2.5134,349.873,0,0.4,-1.87
2.8968,484.721,1,0.4,-0.13
1.5911,392.467,8,0.0,-1.64
1.7116,477.848,1,0.6,-0.43
2.1978,366.143,2,0.2,-1.17
0.5903,184.123,6,0.4,-5.02
1.9494,97.414,2,0.8,-4.5
1.4515,401.821,8,0.2,-3.95
1.9737,339.867,5,0.0,-4.99
1.0389,71.684,2,0.0,-2.51
4.5074,212.023,8,0.8,-0.15
3.1712,480.56,0,0.0,-1.43
3.556,275.181,9,0.2,-3.46
4.0513,244.728,2,0.4,-5.97
2.743,255.965,0,0.4,-4.12
0.8911,143.997,1,0.0,-2.84
2.917,215.918,7,0.4,-4.05
3.1408,216.416,6,0.2,-5.33
3.8545,73.56,1,0.8,-3.34
2.4425,395.405,1,0.0,-4.48
1.0741,237.427,8,0.2,-0.54
1.777,419.981,5,0.4,-5.39
2.1339,432.657,4,0.2,-5.71
3.4066,145.397,9,0.6,-5.97
3.0685,345.809,5,0.2,-4.03
2.1024,262.527,8,0.2,-2.04
4.9393,446.071,6,0.6,-1.62
3.226,147.083,9,0.4,-3.28
1.5675,355.016,9,0.4,-1.89
0.958,323.488,8,0.0,-3.84
1.1879,182.886,3,0.0,-1.99
1.6068,111.47,1,0.0,-5.76
1.2231,343.238,7,0.0,-3.66
1.3396,382.369,3,0.4,-1.25
1.7829,192.032,8,0.8,-1.18
1.2802,340.175,3,0.2,-1.7
4.5354,227.809,7,0.2,-4.77
0.8611,370.943,8,0.0,-4.52
2.8603,139.647,8,0.2,-0.02
2.3468,450.597,9,0.0,-5.38
4.9207,179.334,3,0.8,-4.92
1.0042,215.504,0,0.6,-5.22
2.2904,76.141,2,0.8,-4.03
4.8626,100.18,8,0.8,-4.74
4.3948,282.138,3,0.4,-3.01
4.1768,170.417,4,0.4,-3.14
1.6606,425.966,6,0.0,-0.59
1.269,56.612,4,0.4,-5.79
3.5089,220.592,3,0.8,-4.08
4.6822,201.805,1,0.0,-2.42
3.0054,58.697,1,0.8,-2.37
3.0723,105.966,3,0.2,-3.12
1.7599,236.139,9,0.8,-1.11
3.9627,271.789,9,0.8,-5.62
1.3417,231.93,8,0.6,-1.11
1.9566,288.922,7,0.6,-3.03
2.4145,317.809,2,0.4,-5.2
2.7842,54.466,8,0.8,-0.69
1.5908,258.843,4,0.8,-2.1
1.0168,483.575,2,0.6,-5.02
3.2478,283.565,4,0.6,-5.8
1.7988,354.894,9,0.6,-5.15
3.1156,190.339,3,0.8,-2.35
1.1946,398.296,7,0.4,-4.92
2.6651,397.815,4,0.8,-4.65
2.8967,284.583,9,0.4,-5.85
0.7332,489.206,7,0.0,-1.66
2.0147,106.498,8,0.2,-1.14
1.1049,57.626,3,0.4,-1.22
0.7852,396.571,6,0.0,-5.23
4.9548,413.22,1,0.0,-0.58
1.9506,104.093,5,0.4,-1.97
4.1444,169.512,7,0.0,-0.61
1.6459,57.899,6,0.2,-3.32
3.5668,181.989,6,0.6,-3.38
3.921,397.914,7,0.8,-1.29
3.1804,283.082,6,0.6,-5.44
2.6221,206.643,4,0.8,-2.87
2.3533,217.283,6,0.6,-0.98
2.0699,50.609,9,0.2,-1.02
4.6829,184.91,2,0.6,-0.26
4.2378,340.906,4,0.6,-1.81
4.8426,488.387,6,0.2,-4.75
1.0593,431.177,8,0.0,-5.88
3.7889,60.618,1,0.6,-3.12
4.7225,454.352,3,0.0,-2.92
1.3155,402.439,6,0.6,-4.56
0.7992,401.169,0,0.0,-5.25
3.835,256.098,1,0.4,-2.48
3.0851,229.102,8,0.4,-1.41
4.2882,186.312,9,0.0,-0.04
1.129,79.563,6,0.2,-1.45
4.0787,152.706,9,0.6,-1.24
1.4073,160.972,6,0.8,-2.3
1.2365,267.835,5,0.8,-0.08
1.2392,386.35,2,0.4,-2.16
4.1656,263.214,9,0.6,-0.84
3.4934,76.03,2,0.2,-0.33
2.8538,481.005,1,0.2,-0.42
2.1147,474.226,5,0.0,-3.71
4.4474,403.335,3,0.4,-5.53
2.266,496.098,4,0.2,-4.97
4.1747,295.017,2,0.0,-5.64
2.4761,483.246,5,0.6,-5.37
2.1962,84.022,2,0.6,-4.89
2.5821,214.556,7,0.2,-3.95
1.8562,151.422,8,0.0,-2.74
3.8642,138.125,3,0.4,-1.73
2.7622,113.361,8,0.4,-4.73
1.545,330.086,6,0.6,-1.96
4.5481,401.595,2,0.2,-1.77
2.2275,310.234,6,0.6,-2.65
2.946,116.133,0,0.8,-0.58
4.5791,415.006,2,0.2,-5.33
3.3091,336.18,5,0.8,-4.94
1.026,224.675,3,0.2,-3.43
4.7292,353.359,6,0.2,-5.24
3.3247,166.957,2,0.4,-2.6
2.0071,205.336,0,0.0,-3.61
1.1267,462.869,8,0.0,-4.29
4.0731,180.727,5,0.4,-4.98
3.2903,261.495,7,0.6,-3.99
2.9006,450.564,2,0.8,-2.35
4.5225,368.475,7,0.6,-2.55
4.0487,77.991,1,0.0,-5.02
1.1825,116.286,3,0.6,-5.25
1.9027,53.529,2,0.6,-5.84
1.6182,333.915,9,0.8,-5.93
3.8478,251.453,0,0.8,-0.72
0.6509,110.424,6,0.8,-5.73
3.0645,481.07,9,0.4,-1.61
3.9311,288.347,1,0.6,-0.77
4.4454,158.852,3,0.2,-5.41
2.0394,275.272,8,0.8,-3.38
4.1957,355.829,5,0.0,-0.23
0.9978,84.308,7,0.0,-1.0
4.309,173.617,1,0.0,-3.06
1.0737,413.134,6,0.6,-1.42
2.2878,256.849,5,0.4,-1.0
4.0878,295.96,8,0.4,-3.91
1.1746,244.767,6,0.8,-0.65
1.5316,69.755,0,0.8,-3.18
3.7501,124.587,7,0.2,-2.83
3.7402,250.494,9,0.2,-0.0
3.3852,144.133,2,0.8,-0.94
3.6228,72.491,1,0.8,-3.83
2.9423,429.642,2,0.4,-5.94
1.6331,491.537,5,0.6,-2.24
2.0556,406.914,2,0.2,-1.78
1.3172,434.203,9,0.8,-2.1
4.588,158.89,4,0.6,-0.19
3.1253,482.282,5,0.4,-0.82
2.3038,138.617,7,0.0,-3.31
2.579,478.143,6,0.8,-5.62
4.7628,497.669,7,0.6,-3.14
1.1901,370.275,2,0.0,-1.86
3.138,491.515,3,0.6,-2.35
2.7765,306.293,5,0.6,-2.77
3.2515,166.794,6,0.4,-3.19
0.5815,246.648,8,0.6,-4.24
4.4246,317.102,0,0.4,-4.34
4.6945,82.887,7,0.8,-3.0
3.0431,330.054,7,0.0,-5.04
3.6349,491.53,5,0.0,-3.96
4.6512,135.548,3,0.0,-4.06
3.6826,406.668,2,0.6,-2.48
1.1864,458.554,2,0.6,-5.6
3.0933,474.666,5,0.8,-1.02
3.2302,482.061,7,0.6,-2.63
2.4086,284.657,6,0.4,-1.98
3.814,489.789,0,0.8,-1.78
4.7047,390.79,5,0.2,-4.25
4.6651,122.752,6,0.8,-3.18
2.5288,264.605,6,0.4,-0.26
1.0096,373.249,8,0.6,-1.4
4.9318,161.303,9,0.6,-0.18
4.275,338.277,4,0.6,-1.52
1.061,349.97,0,0.0,-4.95
4.6438,123.215,1,0.4,-5.61
4.4145,304.288,3,0.4,-2.53
2.8348,397.232,4,0.8,-3.85
3.1607,274.503,8,0.4,-4.35
2.2955,55.446,0,0.8,-1.16
0.7464,54.067,2,0.4,-3.8
2.0084,210.663,4,0.4,-4.1
4.1128,466.787,2,0.6,-0.9
0.5208,152.905,3,0.4,-0.92
2.0007,335.464,2,0.8,-3.86
2.2918,149.934,3,0.6,-1.01
2.9183,194.751,0,0.4,-0.9
4.6394,431.619,7,0.0,-3.46
2.0586,377.988,3,0.4,-5.6
2.0613,92.93,6,0.2,-5.99
3.8188,242.916,1,0.6,-2.86
2.535,63.126,1,0.2,-3.94
1.5107,266.401,5,0.2,-0.02
2.536,348.095,1,0.0,-1.37
1.1339,103.326,5,0.0,-1.43
1.2937,179.998,1,0.2,-0.27
2.7427,229.026,3,0.8,-0.67
2.3852,463.789,6,0.6,-4.09
4.6168,496.965,7,0.6,-5.0
2.1308,70.21,2,0.6,-1.52
3.1126,392.454,8,0.2,-3.73
3.3452,217.276,1,0.8,-3.16
0.5589,226.606,7,0.0,-2.22
3.4859,389.419,7,0.2,-0.55
1.3012,463.292,3,0.4,-3.49
4.8248,477.918,0,0.0,-1.3
1.169,309.705,0,0.6,-4.39
2.3658,210.705,1,0.2,-1.81
0.8841,404.397,8,0.6,-5.99
4.9859,162.951,1,0.4,-0.77
2.7599,303.833,1,0.0,-5.82
3.1792,211.36,5,0.6,-1.72
0.8018,345.484,6,0.2,-5.72
3.8748,158.18,6,0.4,-4.4
1.4446,136.217,8,0.0,-3.02
4.5412,463.208,5,0.6,-3.48
1.4231,95.812,7,0.6,-4.85
1.3581,277.681,5,0.2,-4.0
0.6645,149.384,1,0.8,-1.63
2.6243,67.518,0,0.8,-1.98
3.0418,66.208,4,0.6,-5.57
0.7957,128.85,8,0.6,-1.52
3.9899,440.047,7,0.2,-5.68
2.5398,177.115,3,0.6,-2.74
2.8598,477.707,4,0.0,-4.44
2.4834,311.73,4,0.0,-2.47
2.3034,246.476,5,0.8,-4.43
3.0184,311.04,2,0.6,-0.09
1.1986,282.514,4,0.4,-4.14
1.3187,391.449,1,0.2,-4.55
4.378,177.123,9,0.6,-4.33
4.7575,208.873,0,0.0,-0.62
2.1799,452.342,0,0.0,-2.18
1.7184,475.905,9,0.0,-1.62
3.398,451.651,6,0.4,-0.49
2.3393,238.752,1,0.6,-0.53
0.6142,401.164,3,0.0,-1.57
1.2027,264.351,4,0.6,-4.81
3.7219,273.893,6,0.2,-0.94
3.4652,142.106,1,0.6,-4.78
0.6219,316.009,5,0.8,-1.54
1.4989,133.761,0,0.6,-1.89
1.5398,199.204,6,0.8,-1.45
3.5235,434.764,8,0.8,-2.8
0.5887,143.184,4,0.4,-2.17
0.9685,82.021,4,0.6,-0.28
4.0996,81.053,3,0.8,-5.39
1.3035,473.353,2,0.2,-4.15
3.4374,278.114,8,0.2,-2.33
1.5718,234.235,4,0.8,-0.22
0.9475,414.895,7,0.6,-5.43
1.5943,426.122,8,0.2,-5.86
3.7502,199.486,4,0.4,-5.67
4.3506,362.128,9,0.6,-5.69
4.236,397.005,8,0.4,-0.55
2.2873,344.593,1,0.6,-1.67
3.5064,118.218,8,0.6,-1.94
1.4224,444.147,3,0.6,-2.86
1.8192,292.593,5,0.4,-1.31
4.5335,177.113,5,0.6,-5.07
0.5585,241.353,5,0.6,-3.65
0.8848,66.907,1,0.6,-3.06
1.4355,107.54,6,0.2,-5.34
0.6194,394.496,5,0.4,-3.48
1.3165,50.005,0,0.8,-4.1
3.1237,237.455,1,0.0,-5.79
2.3964,285.13,6,0.2,-5.18
4.517,74.585,0,0.4,-1.42
4.1785,487.885,0,0.8,-5.89
2.0382,151.756,0,0.0,-0.39
1.6674,186.889,7,0.2,-5.48
2.2086,186.774,3,0.0,-1.2
3.1563,153.687,3,0.6,-0.61
1.7063,50.663,1,0.2,-0.35
3.3087,378.205,0,0.2,-0.8
2.3424,485.08,9,0.4,-4.27
2.9842,150.932,8,0.8,-4.0
2.4626,348.371,6,0.4,-3.44
1.8251,383.853,3,0.0,-5.16
4.768,431.791,5,0.4,-5.87
3.9362,240.183,1,0.8,-0.79
1.1305,186.319,6,0.6,-2.68
4.4081,196.383,1,0.8,-2.35
2.6934,370.68,9,0.8,-0.44
4.5255,417.551,7,0.0,-2.01
4.0993,131.726,7,0.6,-1.85
2.4135,216.923,0,0.2,-1.28
0.6011,455.873,7,0.4,-5.3
1.709,413.012,1,0.2,-3.84
2.9374,493.186,5,0.2,-0.19
3.3507,389.412,0,0.8,-0.46
1.6605,226.938,4,0.2,-0.7
1.1271,315.787,6,0.8,-3.29
4.2572,347.456,9,0.0,-0.86
4.9298,85.305,0,0.0,-5.71
2.8656,295.024,1,0.8,-5.11
1.2726,369.194,6,0.6,-3.52
1.7254,125.295,5,0.6,-3.1
0.5828,401.284,2,0.2,-4.42
4.6143,312.698,9,0.4,-3.86
1.0299,478.5,1,0.6,-5.02
3.0943,69.09,9,0.6,-3.07
1.7332,169.397,3,0.4,-1.24
2.9938,320.699,2,0.8,-2.03
3.4314,183.452,6,0.6,-5.35
4.2338,371.491,7,0.8,-3.07
1.4289,391.552,1,0.6,-1.81
0.5495,96.132,9,0.6,-2.82
1.116,281.235,6,0.0,-3.65
4.5501,279.001,7,0.2,-2.27
4.4325,216.176,5,0.8,-0.19
3.1884,469.816,5,0.2,-5.43
3.2023,422.378,9,0.0,-3.66
3.4927,363.744,0,0.2,-3.56
1.2892,371.447,3,0.2,-2.54
4.6149,257.772,0,0.8,-5.09
2.3845,464.448,3,0.8,-4.94
2.2241,362.568,1,0.4,-4.29
2.8351,378.041,4,0.0,-0.26
0.7113,437.761,9,0.6,-1.6
1.2483,173.332,8,0.6,-2.03
3.8212,413.182,9,0.8,-1.1
0.8726,137.858,2,0.4,-5.23
3.2142,205.404,7,0.2,-0.84
1.6041,201.025,2,0.4,-2.43
2.2518,490.336,5,0.8,-3.99
1.7991,435.442,3,0.6,-1.1
2.1005,365.526,7,0.6,-1.18
3.7357,377.176,5,0.2,-0.93
1.837,302.933,7,0.6,-5.31
3.0488,476.191,0,0.6,-0.18
2.6422,273.316,5,0.2,-0.24
3.4865,221.233,0,0.4,-3.86
4.7157,123.366,0,0.2,-5.6
3.7966,403.793,7,0.2,-5.0
1.4672,380.5,6,0.0,-0.04
0.6403,222.96,2,0.2,-2.62
1.6802,61.337,5,0.4,-3.86
3.1779,427.549,8,0.0,-4.27
0.7314,55.138,6,0.2,-4.46
2.7336,366.665,2,0.8,-2.02
3.1858,486.616,5,0.4,-3.48
2.0041,246.948,3,0.6,-0.21
3.9691,155.738,2,0.4,-1.9
0.9797,367.192,8,0.6,-1.25
0.8381,417.708,9,0.0,-4.24
3.7768,295.894,1,0.8,-5.52
2.7297,485.166,0,0.0,-3.07
3.5978,73.251,1,0.6,-4.11
2.4567,277.158,6,0.2,-4.79
1.6088,373.304,9,0.6,-0.28
4.186,438.188,0,0.4,-3.34
4.0974,130.665,5,0.4,-4.95
3.6261,410.002,6,0.0,-4.81
1.7247,298.718,8,0.6,-4.32
3.156,228.449,7,0.8,-0.0
2.1244,109.272,5,0.8,-4.39
0.9121,439.383,2,0.0,-4.03
4.6279,120.773,7,0.2,-2.04
1.1157,189.405,6,0.8,-4.24
4.7761,180.52,2,0.4,-4.71
2.507,442.136,8,0.6,-5.05
1.3331,352.716,1,0.8,-4.12
2.9386,408.507,2,0.8,-5.36
4.4283,162.711,1,0.4,-5.89
3.795,331.193,0,0.4,-1.17
4.1295,307.286,3,0.2,-5.17
3.4645,424.774,4,0.6,-1.34
3.6152,457.739,5,0.2,-1.21
4.3214,55.471,4,0.2,-2.77
1.6235,353.309,0,0.2,-4.14
2.7024,73.326,2,0.0,-5.13
1.4954,296.986,0,0.6,-1.58
4.9445,179.435,4,0.6,-2.39
4.7483,188.049,4,0.4,-2.07
0.6774,208.831,5,0.2,-5.95
3.6751,329.582,7,0.8,-0.43
4.6636,200.322,9,0.0,-5.6
1.3126,379.715,0,0.6,-3.8
3.0558,232.037,3,0.8,-3.58
4.6197,80.759,9,0.4,-5.99
0.6528,402.692,0,0.4,-3.02
3.6384,178.591,8,0.8,-1.48
1.8381,244.745,6,0.2,-1.06
4.6598,358.45,6,0.4,-0.72
4.8698,199.605,4,0.4,-3.07
4.7492,75.464,6,0.2,-2.22
2.634,218.264,1,0.8,-5.52
4.3792,475.002,3,0.8,-3.07
4.3005,338.78,6,0.6,-5.07
1.936,352.166,2,0.0,-3.78
4.2301,334.527,1,0.0,-4.02
0.6665,139.546,9,0.6,-3.46
3.1832,238.25,1,0.0,-2.57
1.535,387.923,0,0.6,-0.58
1.0426,95.618,4,0.4,-3.63
0.8463,175.034,5,0.6,-0.11
3.6333,174.344,5,0.4,-1.45
2.0294,244.409,8,0.4,-2.93
3.7615,491.166,3,0.2,-2.14
0.7941,80.376,0,0.2,-5.39
1.9188,283.415,5,0.4,-0.93
2.9277,130.714,4,0.6,-2.51
4.0583,486.804,9,0.6,-0.08
1.9344,100.987,5,0.6,-2.18
3.3165,231.62,2,0.8,-1.0
4.4869,382.048,1,0.2,-1.2
3.2714,367.049,5,0.0,-3.93
1.5483,240.228,0,0.2,-4.44
0.6098,205.936,6,0.6,-3.42
4.4154,228.926,6,0.4,-3.2
0.5957,168.924,9,0.8,-4.56
4.4362,142.4,6,0.4,-0.63
2.8802,267.368,9,0.8,-2.74
4.7258,170.84,0,0.8,-0.13
4.0945,179.358,3,0.0,-1.14
4.9907,345.54,6,0.4,-2.67
2.0782,485.842,8,0.6,-0.32
3.9523,321.637,4,0.2,-2.97
2.3087,84.641,1,0.4,-0.68
2.6594,84.013,6,0.6,-3.85
3.3238,478.14,9,0.2,-3.73
4.4315,183.781,0,0.6,-3.49
4.9284,91.43,6,0.6,-2.72
3.9572,319.57,5,0.0,-2.68
2.38,330.642,6,0.4,-3.02
2.3961,341.827,9,0.2,-4.16
3.8191,170.331,2,0.6,-0.44
1.5745,56.8,2,0.0,-2.47
0.9971,484.257,6,0.8,-3.55
2.0958,162.902,1,0.4,-2.09
1.7926,354.212,0,0.0,-1.39
1.8334,367.983,8,0.4,-0.24
1.5512,324.503,8,0.4,-3.0
0.6894,190.808,6,0.4,-5.33
0.5804,171.993,6,0.4,-3.36
4.9448,318.951,2,0.4,-3.13
2.425,439.743,9,0.0,-0.62
2.2295,476.03,1,0.0,-3.63
3.5584,97.658,6,0.6,-0.28
1.4821,119.673,8,0.4,-3.09
4.7748,475.131,0,0.2,-0.16
4.0386,381.441,3,0.8,-5.95
0.9023,447.347,5,0.2,-0.61
2.3791,141.185,6,0.6,-0.41
4.456,314.414,9,0.2,-0.23
4.7513,365.513,6,0.0,-5.92
2.6033,356.05,9,0.8,-4.97
3.2604,233.668,1,0.2,-2.08
1.2517,56.928,3,0.6,-5.85
4.9603,312.317,4,0.2,-5.62
1.5425,163.896,0,0.6,-4.67
4.7423,252.614,0,0.8,-2.93
3.4234,480.911,9,0.0,-2.72
3.2348,229.566,2,0.8,-5.79
2.8071,427.911,9,0.4,-4.98
1.538,134.843,2,0.6,-3.0
1.2944,352.607,7,0.4,-2.44
1.4922,489.653,8,0.8,-5.11
1.339,95.852,0,0.0,-3.61
4.0081,53.744,1,0.2,-0.57
2.0756,245.112,9,0.8,-0.01
0.7603,91.681,1,0.6,-0.08
4.861,386.773,3,0.0,-0.71
4.477,461.547,1,0.4,-3.63
4.6749,245.309,6,0.4,-1.88
4.9771,166.42,8,0.4,-3.5
1.2825,245.481,6,0.2,-2.11
2.2831,375.552,5,0.6,-4.14
3.9121,54.074,9,0.2,-2.36
3.6321,315.254,0,0.6,-2.86
1.1925,325.981,9,0.8,-5.85
4.1712,336.96,8,0.4,-1.26
1.51,158.91,4,0.2,-5.93
1.5072,371.324,4,0.2,-4.24
2.9164,91.126,5,0.4,-5.96
3.1682,139.672,8,0.6,-3.74
3.1104,444.862,7,0.2,-5.62
0.9117,382.425,7,0.6,-0.52
4.4486,56.185,7,0.2,-3.51
1.6952,161.769,0,0.2,-3.24
1.0828,146.483,0,0.0,-3.9
4.4994,171.863,7,0.0,-2.23
4.8004,161.402,4,0.2,-1.29
4.3796,78.137,8,0.4,-2.11
4.1428,256.523,1,0.8,-1.51
3.4486,379.73,8,0.6,-0.56
2.9789,323.029,7,0.2,-0.82
0.8914,352.792,8,0.2,-1.96
2.338,86.517,3,0.2,-4.71
2.1771,478.171,0,0.2,-2.17
1.6689,427.321,0,0.4,-2.96
3.7554,412.291,4,0.4,-1.7
2.7314,420.343,1,0.2,-1.0
0.8647,469.72,7,0.0,-1.54
1.4908,294.914,9,0.0,-0.92
3.5747,140.127,4,0.0,-5.62
0.8426,327.553,4,0.6,-5.81
4.3304,384.297,1,0.2,-4.45
2.7282,382.063,6,0.4,-0.6
2.6626,284.652,7,0.4,-1.06
3.1658,80.806,9,0.8,-1.9
4.2111,217.001,0,0.8,-1.8
2.0651,464.345,1,0.6,-1.64
3.5511,313.002,9,0.0,-0.34
3.0458,292.249,3,0.4,-1.01
1.7016,170.984,4,0.6,-2.26
4.4538,215.802,1,0.0,-2.01
4.0884,452.906,0,0.4,-4.72
3.463,349.908,8,0.8,-2.06
4.3276,404.324,0,0.4,-3.45
4.4028,254.455,3,0.0,-5.08
3.6876,333.611,1,0.0,-1.16
4.2666,161.773,3,0.4,-2.94
3.6386,367.457,7,0.0,-0.14
3.5606,242.421,7,0.6,-4.31
3.2838,249.145,8,0.6,-3.12
3.8872,342.195,4,0.0,-3.31
1.2137,471.326,6,0.8,-5.28
4.4639,78.803,2,0.4,-3.44
4.4233,421.134,9,0.0,-4.27
0.6316,181.572,3,0.6,-5.04
4.2162,249.764,9,0.6,-4.31
1.0799,59.861,8,0.6,-4.6
2.008,185.471,9,0.8,-1.6
3.8458,276.184,9,0.6,-5.82
1.2234,75.279,0,0.8,-2.3
4.1809,270.993,1,0.4,-1.44
4.2446,467.2,4,0.6,-3.12
2.7836,97.427,2,0.8,-0.41
0.5287,393.998,1,0.6,-1.75
1.7917,234.352,0,0.0,-1.51
3.2762,344.828,9,0.4,-4.82
4.9153,167.106,2,0.4,-1.34
3.3432,121.772,0,0.0,-1.01
1.6691,122.208,0,0.8,-3.83
3.353,81.721,0,0.0,-4.72
2.9299,133.541,7,0.0,-3.69
4.0093,348.899,2,0.8,-1.56
0.9814,446.761,0,0.4,-3.49
3.9246,416.357,6,0.0,-1.58
2.9357,358.31,9,0.4,-5.32
4.8335,99.694,2,0.6,-1.16
2.0384,180.134,7,0.0,-4.48
3.3468,189.413,3,0.8,-4.51
4.6941,162.481,3,0.4,-2.46
0.9613,281.753,4,0.4,-5.58
4.7175,290.999,5,0.4,-5.84
3.5955,210.599,6,0.6,-4.43
0.8053,209.205,3,0.2,-2.77
1.8543,422.85,7,0.2,-0.55
3.6868,405.182,5,0.4,-0.92
0.8031,188.508,0,0.8,-3.06
3.1198,461.205,0,0.0,-5.78
2.0565,478.767,8,0.6,-2.79
3.2941,197.034,9,0.8,-1.77
0.7058,209.491,5,0.0,-3.97
4.4219,277.535,9,0.0,-5.33
4.8807,473.504,7,0.2,-4.33
4.86,444.344,6,0.4,-1.37
3.8734,96.156,5,0.0,-3.89
1.0854,226.729,3,0.4,-1.13
3.9122,299.017,6,0.4,-4.08
0.6106,276.41,8,0.4,-5.02
0.5996,137.238,9,0.2,-3.38
1.9562,436.468,9,0.4,-3.29
2.6989,354.623,6,0.6,-5.9
3.9668,427.059,0,0.8,-5.3
3.5748,436.444,9,0.8,-4.89
2.5066,386.76,8,0.4,-5.32
1.7313,247.645,3,0.4,-3.95
4.9871,324.746,2,0.2,-0.21
2.4178,122.164,3,0.0,-2.94
2.5312,353.14,3,0.0,-2.23
1.2363,130.664,9,0.6,-3.86
4.0766,362.277,1,0.2,-4.06
3.6216,153.319,0,0.2,-5.86
1.4935,102.898,9,0.8,-3.0
0.8707,124.378,0,0.0,-3.1
3.5622,50.896,7,0.0,-5.05
3.4453,373.433,1,0.0,-1.41
1.7297,379.58,9,0.4,-3.04
4.7789,281.72,4,0.6,-3.97
1.1798,122.613,3,0.2,-5.12
2.4455,87.599,7,0.4,-2.69
4.7463,58.608,1,0.6,-1.48
2.3888,124.587,9,0.8,-4.31
3.3734,450.885,8,0.8,-4.69
2.2892,158.692,6,0.8,-2.87
1.734,209.422,6,0.4,-5.07
4.9279,97.405,0,0.0,-2.0
2.342,150.063,1,0.0,-2.37
4.5234,283.651,3,0.0,-5.48
1.5348,323.489,3,0.6,-5.78
1.459,160.409,2,0.8,-2.28
0.6401,75.979,6,0.4,-4.23
3.4325,225.965,7,0.0,-5.48
2.1584,155.392,1,0.4,-1.44
4.3896,148.799,3,0.8,-4.12
2.6294,481.938,2,0.4,-3.24
4.8569,327.335,1,0.8,-4.58
1.3349,300.595,5,0.8,-2.24
4.4088,237.099,3,0.8,-4.19
3.9947,243.025,5,0.6,-0.19
3.9691,293.407,1,0.6,-1.78
4.3015,363.393,3,0.2,-5.18
3.9246,365.966,5,0.0,-3.5
3.318,127.262,4,0.4,-3.69
1.0906,275.051,2,0.0,-2.79
0.6464,235.381,7,0.8,-0.95
4.6438,441.737,6,0.2,-2.5
3.2749,334.139,2,0.8,-5.63
4.0844,289.627,5,0.2,-2.07
2.6669,101.928,3,0.2,-5.95
1.0279,322.537,4,0.8,-1.32
1.0633,102.742,4,0.2,-2.0
3.585,201.743,6,0.2,-4.15
2.4364,114.279,4,0.0,-4.25
1.4024,361.433,2,0.6,-1.21
2.7122,142.813,9,0.2,-1.3
0.7889,226.337,4,0.4,-3.89
3.1189,453.054,6,0.4,-4.21
1.7105,141.942,4,0.6,-2.64
4.089,278.512,4,0.6,-5.95
1.8966,238.672,8,0.4,-5.5
2.5485,58.156,2,0.2,-5.24
0.5523,406.741,5,0.8,-4.89
0.826,81.071,0,0.2,-2.93
2.2662,263.415,9,0.4,-0.05
2.6597,302.305,4,0.4,-2.08
3.2001,332.792,7,0.8,-5.63
1.8125,359.884,4,0.4,-2.85
3.6274,163.973,8,0.2,-3.02
4.3706,54.49,5,0.6,-5.13
4.0093,375.55,7,0.6,-0.48
0.6783,291.045,9,0.0,-3.36
2.6623,426.253,7,0.4,-0.03
0.9722,419.625,2,0.6,-3.48
1.5892,429.497,6,0.8,-2.35
4.94,268.293,6,0.6,-5.37
1.1412,200.133,9,0.2,-3.27
2.745,406.201,5,0.2,-4.57
3.2817,253.082,6,0.8,-0.99
3.6611,132.549,1,0.8,-1.3
3.0184,434.738,8,0.2,-1.05
0.544,447.152,9,0.2,-1.66
1.9691,259.839,9,0.6,-1.0
2.8297,84.065,0,0.2,-4.8
0.8954,224.522,0,0.2,-3.29
2.0778,411.592,2,0.0,-1.85
0.6494,455.798,2,0.2,-2.18
0.8536,141.563,0,0.4,-1.7
2.2862,80.138,6,0.6,-4.65
1.0972,444.808,3,0.2,-5.41
3.0539,225.232,9,0.2,-0.5
3.6026,293.792,1,0.2,-2.64
4.1026,485.63,9,0.4,-5.08
1.4007,79.954,4,0.0,-1.24
1.2537,341.743,5,0.4,-0.51
0.9706,83.347,8,0.6,-4.98
3.3639,218.961,3,0.0,-1.1
3.6791,411.717,1,0.0,-0.4
0.6421,245.063,4,0.0,-0.37
4.713,498.732,2,0.4,-0.52
0.7339,301.577,1,0.8,-2.72
2.9358,194.523,0,0.0,-3.86
3.6908,149.05,9,0.8,-5.96
4.4194,207.734,1,0.0,-5.63
3.7134,217.64,5,0.8,-3.43
4.1078,80.921,7,0.4,-3.6
2.0275,216.308,2,0.6,-4.89
4.1667,258.907,8,0.4,-3.63
0.8605,375.232,8,0.4,-4.95
4.5267,345.528,1,0.8,-0.91
2.9642,368.945,7,0.6,-4.21
4.1778,53.764,9,0.4,-2.41
2.5354,147.95,4,0.0,-2.98
3.3961,347.758,3,0.0,-5.69
2.8688,267.795,9,0.8,-0.35
3.7922,52.391,4,0.4,-2.84
0.8673,412.023,3,0.4,-4.05
0.7716,397.764,7,0.6,-5.05
1.612,296.789,3,0.8,-3.97
1.218,79.908,9,0.6,-5.88
4.423,394.932,5,0.6,-3.82
1.4865,312.671,1,0.6,-2.81
4.8914,401.882,4,0.2,-0.77
2.016,388.286,5,0.2,-1.88
1.3195,411.351,4,0.8,-5.33
4.0536,283.104,1,0.2,-5.11
3.4642,113.146,6,0.8,-3.43
2.7419,352.021,3,0.0,-4.83
2.9991,329.213,7,0.0,-5.83
3.7364,384.014,6,0.8,-1.17
1.528,126.446,6,0.6,-5.88
4.9835,137.739,8,0.2,-1.02
4.8866,450.684,0,0.6,-5.14
3.4265,387.49,9,0.6,-0.15
1.3979,458.703,5,0.4,-2.38
3.561,391.422,5,0.0,-1.59
0.8249,318.72,5,0.8,-5.34
0.6379,344.36,5,0.8,-0.83
1.6596,450.108,9,0.0,-0.96
2.5818,310.463,6,0.8,-2.08
4.4072,334.576,9,0.8,-2.99
3.7723,120.415,5,0.4,-1.67
3.8422,263.265,0,0.6,-5.96
2.4147,372.379,2,0.2,-2.45
2.0567,171.924,1,0.2,-0.92
2.1697,141.014,5,0.6,-3.86
4.9444,191.222,7,0.8,-5.35
0.6805,158.675,2,0.6,-3.47
4.4016,146.711,9,0.4,-1.64
3.104,241.183,7,0.0,-5.36
2.4738,458.527,7,0.0,-4.76
3.7637,278.177,4,0.4,-5.11
2.69,134.564,7,0.0,-1.22
4.4304,84.637,5,0.4,-5.62
4.5532,363.27,4,0.2,-1.88
2.3977,222.259,8,0.6,-3.8
1.7457,419.824,6,0.2,-1.47
3.1656,346.78,7,0.4,-0.21
4.6056,408.309,0,0.4,-5.31
1.448,172.376,1,0.0,-4.11
3.3033,361.562,7,0.0,-1.14
3.342,168.828,8,0.2,-4.4
3.799,472.581,3,0.8,-4.71
1.0921,336.368,9,0.0,-1.05
3.7212,196.03,9,0.6,-0.08
4.5906,171.28,8,0.8,-2.66
1.3086,135.917,3,0.6,-4.33
1.5689,362.588,9,0.2,-3.61
4.8713,148.422,9,0.8,-4.98
1.3144,317.886,9,0.0,-1.43
4.3447,169.086,8,0.4,-1.36
2.7153,347.886,6,0.8,-0.75
1.6125,416.723,1,0.6,-5.84
4.4184,400.111,8,0.4,-2.63
2.5039,392.383,3,0.2,-4.71
2.8167,134.475,7,0.2,-3.95
2.1166,89.773,6,0.4,-1.29
3.1683,364.527,6,0.2,-4.85
1.2359,215.756,7,0.8,-2.17
2.2599,244.556,0,0.8,-2.07
4.8624,64.017,4,0.8,-0.28
1.6616,166.809,1,0.4,-1.35
3.4553,65.154,1,0.6,-1.18
1.9634,445.634,0,0.8,-2.81
3.9806,159.529,4,0.8,-4.88
1.0889,300.802,1,0.4,-3.45
4.8642,67.541,3,0.0,-2.7
2.5421,350.081,2,0.0,-1.93
1.5622,195.362,2,0.4,-2.35
0.8307,454.064,1,0.6,-3.64
1.2639,449.653,5,0.8,-4.41
2.839,196.381,1,0.2,-4.99
2.0165,455.432,7,0.0,-1.84
4.23,498.271,7,0.2,-2.13
2.439,421.437,4,0.2,-1.88
1.6192,430.192,9,0.0,-3.76
3.2772,162.054,6,0.6,-4.43
3.6805,309.516,3,0.4,-1.44
1.2517,80.265,0,0.6,-1.36
1.2543,92.713,1,0.2,-3.27
0.665,499.502,9,0.2,-2.33
3.8138,196.988,9,0.4,-3.76
3.4871,386.683,3,0.8,-1.79
2.6358,412.999,0,0.0,-0.99
4.2988,436.11,7,0.8,-1.87
4.1255,498.933,8,0.2,-2.92
3.1341,158.673,3,0.8,-3.25
4.4072,68.158,9,0.8,-2.15
1.4263,235.036,2,0.2,-1.92
1.0036,108.536,1,0.6,-2.65
1.7139,60.092,4,0.0,-2.25
0.7569,212.192,2,0.8,-5.42
2.8903,402.682,9,0.4,-0.29
4.7147,304.781,6,0.4,-1.26
0.677,190.75,5,0.6,-3.76
1.0495,344.454,0,0.8,-2.62
2.5349,154.408,7,0.2,-5.72
4.7024,56.472,1,0.6,-5.75
1.9227,393.959,4,0.2,-4.5
2.7826,330.684,8,0.2,-1.86
0.6871,393.036,7,0.6,-0.89
1.1675,67.522,1,0.2,-2.64
4.9398,426.704,8,0.2,-2.81
4.843,328.787,4,0.8,-3.59
0.5222,303.528,9,0.0,-5.03
4.7832,331.076,5,0.6,-5.29
3.376,438.995,2,0.2,-1.44
4.4056,314.121,2,0.0,-0.43
2.5463,311.428,9,0.0,-3.25
2.8202,495.806,7,0.6,-2.04
2.6998,390.529,9,0.6,-0.51
3.5009,249.032,9,0.0,-5.46
1.1284,368.329,1,0.0,-1.38
0.6349,225.154,1,0.8,-2.3
1.8857,152.994,4,0.0,-2.41
3.6711,318.583,5,0.8,-4.24
1.4083,467.682,1,0.2,-1.9
3.5304,468.113,4,0.6,-1.23
4.8646,203.857,6,0.2,-5.32
0.9226,287.455,9,0.8,-2.8
3.5267,145.236,9,0.6,-5.39
2.4969,498.034,7,0.4,-0.76
4.4066,491.503,6,0.0,-2.95
1.2972,342.279,7,0.6,-1.15
3.6168,411.986,8,0.6,-3.79
4.2715,371.795,4,0.0,-5.25
4.7508,316.921,4,0.0,-5.75
3.5746,74.007,9,0.8,-4.31
2.7373,254.644,3,0.2,-4.53
3.2803,353.654,8,0.6,-2.64
4.4101,354.889,4,0.4,-5.87
3.0677,217.905,1,0.8,-2.88
0.6367,473.761,9,0.8,-3.65
4.6893,125.311,7,0.8,-2.54
3.6029,275.162,6,0.0,-1.79
3.5443,360.898,7,0.8,-2.2
1.4705,363.711,2,0.2,-0.09
3.465,341.888,3,0.4,-5.17
2.2724,173.88,4,0.4,-3.42
3.4305,120.293,5,0.0,-3.45
0.9797,336.173,0,0.8,-3.5
3.4603,319.686,3,0.0,-2.02
4.9974,130.71,9,0.6,-3.06
0.717,367.313,4,0.6,-2.9
4.8973,254.827,6,0.6,-3.41
2.3311,350.492,4,0.0,-0.05
4.4184,426.815,0,0.4,-0.43
4.0207,126.378,6,0.8,-4.15
3.0516,58.615,7,0.2,-5.33
3.823,400.596,6,0.4,-0.96
4.4533,324.364,3,0.2,-0.02
2.3186,364.838,7,0.4,-4.24
1.9716,427.17,4,0.8,-3.85
3.5042,411.265,9,0.4,-0.35
4.1353,482.414,8,0.4,-1.73
3.9303,291.171,9,0.4,-4.23
4.0902,269.823,4,0.4,-2.51
2.4601,230.849,0,0.0,-0.33
4.1803,119.161,8,0.2,-1.13
1.0409,307.673,4,0.4,-1.55
2.9502,174.656,5,0.6,-1.58
0.5259,464.588,3,0.4,-4.93
1.9606,312.436,5,0.2,-1.05
2.1491,316.778,7,0.2,-4.34
2.2828,209.716,2,0.2,-0.42
3.6296,73.395,4,0.8,-3.81
2.2485,64.285,1,0.4,-0.85
2.5191,240.501,1,0.0,-4.4
1.5689,88.054,6,0.0,-2.91
2.1796,323.081,9,0.8,-5.36
1.5227,446.438,9,0.2,-2.04
0.8294,447.312,9,0.8,-0.98
3.2155,346.57,5,0.0,-1.69
3.507,145.054,3,0.8,-2.86
3.2877,438.349,4,0.8,-5.73
2.5857,448.742,0,0.4,-0.4
2.209,138.494,6,0.0,-1.77
4.385,381.842,7,0.2,-1.52
2.8359,178.934,8,0.4,-1.23
2.6563,411.188,7,0.4,-1.51
0.6154,498.757,4,0.2,-3.35
2.0356,63.512,2,0.0,-1.6
2.2109,453.815,9,0.4,-2.25
2.2947,330.184,8,0.4,-0.88
3.1108,488.022,5,0.2,-1.19
2.9012,259.254,4,0.0,-5.75
3.2356,431.325,2,0.8,-3.73
3.942,78.077,5,0.4,-5.79
4.1584,200.876,2,0.6,-5.39
3.7316,80.157,9,0.4,-2.39
4.7999,488.904,5,0.0,-0.76
0.582,417.638,3,0.2,-5.28
1.381,433.646,1,0.2,-3.29
0.534,472.084,7,0.8,-0.53
3.4136,88.297,3,0.6,-1.11
4.5411,223.519,8,0.2,-2.88
1.5957,81.966,6,0.8,-1.37
4.6717,144.857,1,0.2,-2.86
0.7712,153.215,3,0.8,-5.05
4.705,261.098,4,0.8,-5.25
2.0823,170.853,2,0.0,-4.87
0.9564,95.44,8,0.2,-3.89
2.6864,125.371,4,0.4,-0.42
1.6555,116.274,1,0.6,-1.2
1.7819,487.885,2,0.4,-3.4
1.8828,391.682,8,0.8,-3.04
4.1136,485.493,6,0.6,-4.41
2.9262,247.883,1,0.2,-1.77
1.9009,175.266,8,0.0,-1.18
3.2465,409.232,3,0.6,-4.57
3.7227,196.814,8,0.0,-5.75
1.7268,184.723,1,0.6,-2.26
2.361,154.628,9,0.2,-2.62
1.0485,108.356,3,0.2,-3.59
1.3152,165.408,4,0.0,-2.14
3.565,209.894,1,0.6,-2.7
1.3165,353.297,9,0.0,-4.5
2.8632,78.154,0,0.6,-3.61
3.6907,144.728,6,0.4,-3.43
0.9809,414.061,9,0.6,-0.72
3.0529,116.115,0,0.4,-0.23
1.6545,204.19,7,0.0,-0.64
4.8332,439.097,2,0.6,-1.68
2.676,119.716,9,0.0,-2.49
4.127,87.232,5,0.4,-1.86
2.976,268.042,6,0.0,-0.37
0.6954,186.089,9,0.6,-4.5
3.3492,303.534,0,0.8,-2.79
4.7813,411.712,5,0.4,-1.86
3.2073,111.717,6,0.4,-1.92
4.1863,311.315,5,0.6,-4.49
4.4789,277.479,3,0.0,-2.48
1.5264,114.835,0,0.8,-1.22
1.4542,330.799,8,0.0,-3.15
3.2494,173.138,3,0.8,-1.24
2.3496,269.525,6,0.6,-3.84
4.2794,87.023,6,0.6,-0.37
4.5501,256.813,1,0.6,-2.8
2.0904,187.909,0,0.4,-2.42
1.5659,420.072,7,0.4,-5.81
4.0124,75.64,7,0.0,-4.98
1.7366,238.373,6,0.6,-2.2
4.2018,256.294,7,0.6,-3.48
2.4068,376.253,2,0.8,-2.95
3.504,308.429,1,0.4,-5.62
0.9299,350.246,6,0.0,-1.0
3.3074,399.672,7,0.2,-1.29
2.533,437.991,0,0.6,-4.89
3.1397,191.244,9,0.2,-2.19
1.2561,292.11,8,0.2,-1.09
3.8159,428.049,3,0.8,-2.15
4.3826,495.253,3,0.4,-4.14
1.4753,450.284,2,0.4,-2.06
0.9307,217.16,5,0.2,-4.74
0.6064,137.825,0,0.6,-4.09
3.3889,270.227,5,0.2,-4.56
3.2319,383.739,1,0.6,-2.66
2.9601,271.656,8,0.0,-5.35
1.5438,267.431,1,0.8,-0.4
2.2591,427.204,6,0.4,-4.0
3.1751,212.632,0,0.4,-4.69
2.7355,436.908,6,0.6,-3.02
4.945,233.062,4,0.6,-4.34
1.114,197.705,7,0.0,-2.79
3.6282,254.295,3,0.6,-3.91
2.3194,393.101,9,0.2,-5.21
2.4269,106.701,6,0.8,-4.4
3.7292,138.389,5,0.8,-3.37
3.616,478.15,4,0.2,-5.82
4.9607,128.971,3,0.8,-1.38
1.0778,305.477,6,0.2,-2.27
0.9685,310.692,4,0.0,-2.39
3.7595,270.331,4,0.8,-2.72
3.1027,340.135,0,0.6,-2.46
1.7337,153.422,1,0.4,-0.39
0.8574,298.698,4,0.2,-5.95
0.8855,217.478,2,0.2,-5.71
4.5239,347.75,1,0.8,-4.85
1.3634,113.551,3,0.0,-5.0
1.9552,306.895,3,0.2,-4.91
1.52,133.372,3,0.4,-1.97
2.0975,175.389,3,0.4,-3.24
0.8124,148.419,2,0.4,-0.05
2.8358,132.277,6,0.0,-4.64
0.8043,421.57,8,0.0,-4.14
4.1016,178.568,4,0.2,-0.09
1.5517,467.206,3,0.8,-1.01
2.9301,486.467,1,0.0,-3.18
4.4604,307.067,1,0.6,-2.67
3.4289,114.351,4,0.6,-0.94
2.8983,218.547,6,0.8,-3.11
1.9595,408.98,9,0.8,-4.76
1.9985,215.326,9,0.2,-1.03
3.5127,89.158,8,0.2,-2.77
4.9736,300.553,6,0.4,-5.08
3.4783,430.304,4,0.2,-2.97
3.01,408.167,9,0.6,-3.52
3.7879,128.805,9,0.6,-0.74
2.5934,352.744,9,0.8,-5.24
0.7706,149.227,5,0.0,-0.75
3.0303,148.193,2,0.8,-2.93
4.8093,443.332,4,0.2,-3.57
1.2889,162.351,7,0.4,-5.03
3.605,168.461,0,0.4,-1.8
1.4042,50.294,0,0.6,-0.44
2.9112,441.801,6,0.4,-3.75
0.935,406.668,4,0.8,-4.55
2.5267,332.298,4,0.8,-2.67
3.9027,387.62,0,0.8,-1.22
2.0641,118.422,8,0.0,-5.98
3.4921,256.246,0,0.8,-2.21
4.0795,208.049,4,0.6,-2.42
4.6723,92.199,9,0.0,-4.09
1.5559,268.759,8,0.0,-3.29
2.2969,464.333,3,0.0,-4.52
1.1859,68.027,7,0.0,-1.26
4.9662,181.157,5,0.4,-2.19
4.6715,143.393,2,0.8,-2.8
2.9298,157.166,3,0.4,-3.64
4.2891,458.796,1,0.4,-4.25
2.8443,260.631,0,0.8,-1.06
3.3061,259.835,7,0.2,-3.29
0.9011,392.259,0,0.8,-2.99
3.8987,119.521,0,0.4,-2.88
1.0747,269.269,3,0.4,-3.31
4.2173,243.493,9,0.2,-4.46
4.0191,318.61,9,0.4,-5.28
3.6894,499.801,5,0.0,-5.41
0.6627,396.252,8,0.6,-1.46
1.8641,229.04,0,0.2,-4.66
1.684,422.399,6,0.8,-5.67
2.1206,126.819,9,0.2,-1.21
0.8944,63.709,4,0.0,-5.08
4.7163,142.002,7,0.6,-2.25
2.9921,203.185,6,0.0,-3.97
1.8749,279.761,3,0.6,-5.24
2.2864,326.808,3,0.8,-3.51
2.5124,459.773,5,0.6,-5.91
3.2027,279.434,5,0.0,-0.95
2.8206,275.574,8,0.4,-2.92
4.6373,72.609,4,0.6,-5.17
2.7363,65.71,7,0.8,-4.58
4.9647,298.022,4,0.0,-3.31
4.3314,247.18,1,0.4,-4.87
1.4383,427.631,5,0.4,-4.39
4.6877,122.306,8,0.0,-2.79
1.0236,61.237,2,0.2,-1.0
4.1785,252.067,0,0.4,-3.59
2.2128,156.865,0,0.8,-1.7
4.4509,72.326,2,0.8,-0.74
4.4063,376.069,9,0.6,-4.7
4.1267,100.217,4,0.2,-1.16
4.0551,323.744,2,0.2,-1.46
1.8711,176.472,8,0.8,-3.86
0.8641,128.073,7,0.8,-0.06
2.3134,220.888,2,0.8,-4.42
1.2809,410.651,8,0.6,-4.47
3.6273,226.442,5,0.2,-1.37
2.0574,387.846,6,0.8,-3.39
4.8902,106.469,3,0.4,-4.02
3.3844,397.747,3,0.2,-4.93
4.2012,156.62,1,0.6,-1.41
1.0964,354.827,4,0.0,-1.28
4.3791,304.602,7,0.0,-2.6
4.6524,468.115,6,0.4,-0.26
2.6918,224.295,6,0.4,-4.09
3.2281,79.774,5,0.8,-4.68
3.9416,58.62,2,0.0,-1.94
1.2868,422.086,4,0.0,-1.45
2.7615,286.131,0,0.0,-4.65
2.294,398.86,6,0.0,-5.54
1.1587,155.492,8,0.0,-1.14
2.1539,205.288,0,0.6,-0.14
0.8068,63.547,1,0.4,-2.13
0.6162,482.672,2,0.6,-4.33
1.1082,350.541,2,0.8,-0.02
4.834,469.942,7,0.6,-0.64
2.9729,169.473,6,0.0,-2.92
4.8462,325.159,5,0.0,-1.05
2.4462,355.325,9,0.8,-1.11
1.9032,192.897,9,0.4,-0.39
2.7776,431.649,3,0.8,-0.95
2.4778,476.223,8,0.8,-2.14
0.9755,448.185,0,0.8,-2.34
3.3837,382.58,1,0.8,-3.2
1.4722,174.859,3,0.4,-2.24
3.2881,176.727,2,0.2,-1.23
3.4259,483.512,0,0.8,-0.19
1.1841,54.628,4,0.4,-3.2
0.7761,372.222,6,0.0,-2.56
4.0134,367.811,1,0.6,-3.33
2.5691,330.21,4,0.4,-1.99
0.7617,495.549,5,0.8,-2.22
4.9769,190.346,6,0.6,-5.89
0.76,202.987,0,0.2,-2.75
3.6277,85.523,6,0.8,-5.47
4.9266,249.259,3,0.8,-5.84
1.5763,167.472,7,0.6,-1.25
1.1401,204.524,3,0.2,-4.45
1.0462,425.557,5,0.2,-3.96
1.8647,470.968,8,0.6,-5.62
0.9547,133.58,4,0.0,-4.92
3.6147,217.629,3,0.2,-1.41
0.7803,467.884,7,0.6,-3.04
2.7924,77.814,8,0.4,-0.72
4.9851,91.562,3,0.4,-3.62
4.1629,123.256,2,0.0,-4.39
3.2685,317.846,7,0.4,-3.91
1.8781,117.713,4,0.6,-1.72
3.3075,485.634,1,0.2,-2.67
2.8717,251.022,9,0.0,-0.57
2.4174,275.683,8,0.6,-2.39
1.0882,160.996,2,0.8,-3.04
4.4897,261.932,1,0.6,-1.29
2.524,347.861,0,0.0,-0.31
1.3758,388.03,7,0.2,-3.86
2.1549,389.241,2,0.8,-4.5
2.3636,310.051,6,0.2,-2.3
4.2239,456.962,0,0.6,-3.01
3.8013,417.834,0,0.4,-0.06
3.9619,390.672,8,0.2,-3.23
0.5496,75.022,7,0.8,-5.55
2.3727,53.095,2,0.6,-0.14
2.666,145.601,5,0.6,-0.94
0.5864,348.586,2,0.2,-4.93
1.6692,235.039,3,0.0,-0.57
3.9213,231.083,0,0.4,-3.96
1.117,448.064,4,0.4,-3.74
2.9089,453.003,0,0.0,-0.56
1.4684,459.129,0,0.0,-2.82
0.5545,191.245,9,0.0,-5.17
1.5854,360.975,6,0.8,-3.79
4.8914,172.235,5,0.6,-1.67
4.1069,135.774,1,0.8,-4.95
4.8181,133.085,1,0.0,-2.46
2.6953,203.948,6,0.8,-1.83
0.9938,243.481,0,0.0,-3.94
2.9658,423.927,1,0.4,-1.84
2.5447,103.951,7,0.8,-0.69
4.2996,380.717,5,0.2,-3.17
0.9414,289.155,1,0.4,-3.7
2.6971,179.575,6,0.0,-4.49
1.1752,271.769,3,0.0,-2.37
1.961,184.974,1,0.6,-0.72
3.8181,318.237,5,0.6,-4.05
2.6421,245.23,8,0.6,-3.62
2.1915,123.982,8,0.4,-3.56
2.2751,102.462,7,0.6,-2.64
2.5675,296.013,2,0.0,-4.63
4.0326,456.086,2,0.0,-1.07
4.5144,204.781,1,0.8,-4.23
4.799,379.85,4,0.0,-1.77
4.0411,346.398,3,0.6,-2.92
1.9193,469.2,6,0.0,-2.48
3.5966,419.441,3,0.6,-4.92
2.4692,304.972,8,0.6,-1.59
1.646,345.664,1,0.2,-4.87
4.2839,454.274,5,0.2,-5.32
0.6729,229.783,6,0.6,-2.72
4.5579,197.058,3,0.2,-1.74
2.5766,54.865,5,0.0,-5.7
3.3674,421.948,6,0.6,-5.58
3.4671,410.441,3,0.0,-1.18
4.528,97.005,7,0.8,-1.15
3.365,309.586,8,0.4,-4.53
3.2627,258.792,0,0.0,-2.31
0.7999,103.419,6,0.6,-3.34
2.8328,491.256,8,0.4,-2.2
1.1758,146.613,9,0.2,-0.82
3.8185,80.255,4,0.4,-5.52
2.805,317.681,1,0.2,-1.33
3.561,382.49,9,0.2,-3.04
0.6875,64.6,5,0.0,-2.62
0.8816,346.423,6,0.2,-2.08
3.7235,289.531,1,0.2,-0.46
0.8244,96.469,1,0.6,-5.66
0.8207,127.636,9,0.6,-5.82
0.5545,305.588,9,0.4,-4.93
4.8043,183.361,0,0.6,-0.08
3.8188,472.242,3,0.8,-1.71
2.0896,418.433,6,0.4,-2.31
1.8344,492.605,8,0.6,-5.72
2.0737,166.852,2,0.2,-0.73
3.9859,486.376,6,0.8,-1.12
3.4762,244.055,6,0.0,-2.01
1.3334,206.383,6,0.2,-3.97
1.2835,72.657,1,0.6,-5.58
0.9428,73.744,5,0.0,-2.52
3.4714,361.405,1,0.0,-1.68
3.9397,256.068,5,0.4,-5.43
1.6927,151.935,9,0.4,-2.2
0.5943,326.287,2,0.6,-4.28
0.8698,163.786,1,0.8,-1.41
4.8554,309.934,5,0.0,-2.76
1.8295,211.644,1,0.0,-5.23
3.9615,420.599,4,0.6,-2.84
3.311,419.313,1,0.2,-3.63
2.2187,264.808,2,0.6,-4.92
1.4256,207.869,2,0.0,-0.95
1.0462,213.152,5,0.4,-5.93
3.2676,412.572,5,0.4,-4.13
3.9859,197.681,9,0.4,-5.92
3.3976,144.077,2,0.4,-5.42
2.8864,88.11,2,0.4,-4.22
0.6888,260.012,0,0.2,-5.67
4.8582,266.959,6,0.0,-2.42
4.0942,428.409,7,0.0,-5.48
1.8177,149.557,1,0.4,-1.79
4.9099,221.446,3,0.2,-5.68
3.2085,413.783,9,0.4,-5.64
3.1209,420.631,6,0.2,-4.17
3.8663,223.075,7,0.6,-0.62
4.153,256.606,0,0.8,-2.15
3.4542,186.479,3,0.2,-1.38
1.0764,469.65,5,0.0,-5.15
2.0222,103.39,2,0.0,-1.0
4.6764,470.187,4,0.6,-5.95
1.5108,357.74,9,0.4,-4.72
2.1748,289.207,8,0.0,-2.3
2.4443,64.697,2,0.6,-3.75
2.4773,264.018,4,0.0,-0.09
3.2582,233.487,7,0.4,-5.82
4.7438,122.548,5,0.4,-0.01
1.5831,345.384,3,0.6,-2.26
1.0468,487.018,7,0.0,-2.65
1.3886,302.985,2,0.8,-5.64
4.4912,371.639,2,0.6,-4.36
3.4061,80.803,3,0.2,-0.45
1.7866,237.95,8,0.0,-3.87
4.1718,102.361,4,0.4,-2.03
4.3762,325.758,7,0.8,-0.0
4.3093,472.317,5,0.8,-4.42
4.6352,347.8,2,0.4,-2.54
1.6351,84.561,7,0.8,-1.82
3.8977,209.6,8,0.0,-5.01
2.5724,297.799,7,0.0,-5.11
4.289,231.443,3,0.8,-3.26
3.7782,425.14,5,0.6,-3.69
3.994,416.602,0,0.4,-1.71
3.4527,325.324,3,0.6,-5.58
1.2984,218.056,7,0.8,-0.17
2.9526,164.901,0,0.6,-5.91
4.931,97.643,2,0.8,-2.39
4.7182,209.704,0,0.6,-2.62
0.6943,235.928,8,0.0,-5.19
1.2417,354.12,1,0.8,-5.09
1.0928,346.172,8,0.0,-1.24
3.7669,81.549,3,0.8,-0.67
4.18,227.867,1,0.4,-4.3
1.4608,131.8,3,0.6,-3.37
2.7763,120.566,9,0.4,-3.87
4.2832,422.286,5,0.0,-5.56
3.7976,68.862,6,0.2,-1.96
2.9401,238.632,2,0.8,-1.05
3.1566,125.692,2,0.8,-4.17
2.7876,445.699,9,0.2,-0.06
1.839,300.668,7,0.8,-5.54
3.0426,154.121,4,0.8,-2.03
3.6,276.092,3,0.6,-3.31
4.43,379.169,6,0.0,-3.32
3.3633,481.153,6,0.8,-3.25
3.925,149.201,8,0.4,-4.45
1.2203,448.782,8,0.8,-1.71
2.577,470.437,4,0.8,-1.67
0.542,462.389,7,0.8,-4.31
1.6101,335.936,9,0.6,-0.99
3.7691,333.419,0,0.2,-4.1
4.9631,231.445,8,0.2,-1.65
0.9463,388.579,7,0.2,-5.27
2.3067,289.082,5,0.0,-4.99
4.1003,354.847,2,0.4,-4.11
1.4182,242.806,2,0.6,-2.44
2.9979,379.173,7,0.8,-2.13
3.7988,421.012,4,0.0,-3.62
3.2719,115.896,9,0.4,-5.53
1.3461,424.818,6,0.0,-3.76
2.0992,293.133,4,0.0,-1.87
4.0271,430.1,7,0.0,-1.97
2.994,244.086,9,0.6,-5.04
0.5235,220.568,9,0.0,-5.95
3.9245,461.777,3,0.6,-1.48
0.6589,163.026,1,0.2,-5.36
3.8558,429.896,2,0.8,-5.51
1.4112,267.809,7,0.8,-5.98
4.8113,281.343,6,0.8,-3.4
2.1557,188.811,1,0.8,-2.98
1.9712,307.869,5,0.8,-2.17
1.17,196.345,8,0.8,-4.22
1.8752,67.671,3,0.6,-1.74
4.4449,172.399,8,0.0,-4.98
4.9835,52.871,1,0.2,-1.01
2.1574,490.26,1,0.2,-2.57
2.5187,484.586,8,0.6,-2.5
3.7493,227.82,6,0.4,-4.74
4.4879,377.767,6,0.8,-5.56
3.1687,205.613,0,0.8,-3.21
2.2619,351.992,5,0.4,-2.31
2.3568,412.444,6,0.4,-5.43
3.6303,476.04,5,0.8,-0.3
0.5145,230.096,5,0.2,-0.12
3.2882,402.484,1,0.6,-2.73
2.0997,169.668,5,0.2,-0.3
4.0739,495.65,3,0.6,-4.92
0.9185,61.596,8,0.2,-5.85
3.1469,321.588,0,0.8,-5.76
2.6644,346.778,7,0.4,-2.47
3.3905,359.621,4,0.0,-5.63
0.7918,104.174,0,0.2,-0.25
3.1099,472.338,3,0.4,-5.15
3.0267,131.532,0,0.8,-4.17
3.023,330.239,5,0.6,-1.06
3.2157,150.204,1,0.4,-4.69
3.5441,188.247,4,0.2,-4.54
4.1225,295.906,6,0.4,-2.15
1.7142,237.737,1,0.6,-4.34
4.2127,122.102,5,0.6,-4.7
2.7422,126.921,5,0.2,-4.47
0.8468,238.165,4,0.6,-3.06
0.7635,390.777,4,0.6,-0.2
2.0041,454.084,2,0.8,-1.01
4.032,87.857,9,0.8,-4.29
3.6846,226.897,9,0.6,-3.82
4.0488,95.111,1,0.6,-3.21
2.8277,57.467,6,0.2,-0.13
2.4809,347.773,0,0.8,-4.97
1.1635,321.102,5,0.4,-3.86
1.9769,123.359,5,0.2,-1.62
2.4531,155.216,2,0.2,-0.22
0.8987,60.668,1,0.8,-5.07
1.4928,425.726,1,0.0,-4.64
3.192,488.611,8,0.4,-4.65
3.8105,110.957,4,0.4,-5.87
4.9926,154.164,6,0.0,-2.38
4.699,440.784,4,0.0,-1.98
3.3915,466.909,6,0.8,-2.38
2.3956,238.832,3,0.8,-5.57
3.3628,72.78,7,0.2,-5.58
4.0354,67.726,9,0.8,-4.74
1.0325,308.277,9,0.6,-4.26
2.3446,226.803,6,0.4,-1.28
4.2791,62.894,9,0.6,-5.04
2.2272,312.464,4,0.8,-5.74
3.0734,55.086,5,0.4,-3.64
3.145,404.317,4,0.2,-3.5
1.3301,187.895,6,0.8,-3.29
2.1301,68.116,1,0.6,-1.04
2.0053,314.758,4,0.0,-5.41
0.6179,228.958,9,0.4,-1.78
0.6089,488.21,2,0.4,-3.97
4.2426,294.889,8,0.8,-4.14
1.7288,173.858,5,0.4,-0.4
2.8314,369.247,9,0.2,-4.51
1.8443,172.171,2,0.6,-2.14
4.7331,456.909,6,0.4,-4.35
1.6668,218.625,3,0.2,-2.96
2.4335,297.441,2,0.4,-1.28
4.4273,72.758,7,0.8,-0.71
4.2887,241.755,3,0.0,-0.97
1.3375,424.564,0,0.6,-2.51
4.1119,412.542,5,0.2,-4.51
2.5618,150.943,9,0.2,-2.03
2.6734,151.736,0,0.2,-1.74
1.1007,417.787,4,0.2,-5.94
0.8627,468.679,6,0.8,-3.36
3.7757,92.912,5,0.2,-0.94
2.7341,252.526,1,0.6,-3.06
2.4658,201.854,3,0.0,-4.13
3.7828,441.81,1,0.8,-0.77
3.9448,87.586,0,0.6,-5.06
1.2151,145.007,2,0.6,-4.76
3.246,388.611,2,0.2,-1.88
1.1091,73.082,6,0.4,-3.89
3.8812,271.641,0,0.2,-1.72
3.4563,248.948,8,0.8,-5.05
4.8048,200.481,5,0.4,-4.49
0.8103,227.558,3,0.6,-5.06
0.7567,288.473,2,0.6,-0.28
1.7698,122.615,2,0.2,-3.57
